"id";"name"
1;"Fud Leclerc"
2;"Mony Marc"
3;"Mathé Altéry"
4;"Dany Dauberson"
5;"Freddy Quinn"
6;"Walter Andreas Schwarz"
7;"Franca Raimondi"
8;"Tonina Torrielli"
9;"Michèle Arnaud"
10;"Corry Brokken"
11;"Jetty Paerl"
12;"Lys Assia"
13;"Bob Martin"
14;"Bobbejaan Schoepen"
15;"Birthe Wilke and Gustav Winckler"
16;"Paule Desjardins"
17;"Margot Hielscher"
18;"Nunzio Gallo"
19;"Danièle Dupré"
20;"Patricia Bredin"
21;"Liane Augustin"
22;"Raquel Rastenni"
23;"André Claveau"
24;"Domenico Modugno"
25;"Solange Berry"
26;"Alice Babs"
27;"Ferry Graf"
28;"Bob Benny"
29;"Birthe Wilke"
30;"Jean Philippe"
31;"Alice and Ellen Kessler"
32;"Jacques Pills"
33;"Teddy Scholten"
34;"Brita Borg"
35;"Christa Williams"
36;"Pearl Carr and Teddy Johnson"
37;"Harry Winter"
38;"Katy Bødtger"
39;"Jacqueline Boyer"
40;"Wyn Hoop"
41;"Renato Rascel"
42;"Camillo Felgen"
43;"François Deguelt"
44;"Rudi Carrell"
45;"Nora Brockstedt"
46;"Siw Malmkvist"
47;"Anita Traversi"
48;"Bryan Johnson"
49;"Jimmy Makulis"
50;"Dario Campeotto"
51;"Laila Kinnunen"
52;"Jean-Paul Mauric"
53;"Lale Andersen"
54;"Betty Curtis"
55;"Jean-Claude Pascal"
56;"Colette Deréal"
57;"Greetje Kauffeld"
58;"Conchita Bautista"
59;"Lill-Babs"
60;"Franca di Rienzo"
61;"The Allisons"
62;"Ljiljana Petrović"
63;"Eleonore Schwarz"
64;"Ellen Winther"
65;"Marion Rung"
66;"Isabelle Aubret"
67;"Conny Froboess"
68;"Claudio Villa"
69;"De Spelbrekers"
70;"Inger Jacobsen"
71;"Víctor Balaguer"
72;"Inger Berggren"
73;"Ronnie Carroll"
74;"Lola Novaković"
75;"Carmela Corren"
76;"Jacques Raymond"
77;"Grethe and Jørgen Ingmann"
78;"Laila Halme"
79;"Alain Barrière"
80;"Heidi Brühl"
81;"Emilio Pericoli"
82;"Nana Mouskouri"
83;"Françoise Hardy"
84;"Annie Palmen"
85;"Anita Thallaug"
86;"José Guardiola"
87;"Monica Zetterlund"
88;"Esther Ofarim"
89;"Vice Vukov"
90;"Udo Jürgens"
91;"Robert Cogoi"
92;"Bjørn Tidmand"
93;"Lasse Mårtenson"
94;"Rachel"
95;"Nora Nova"
96;"Gigliola Cinquetti"
97;"Hugues Aufray"
98;"Romuald"
99;"Anneke Grönloh"
100;"Arne Bendiksen"
101;"António Calvário"
102;"Los TNT"
103;"Matt Monro"
104;"Sabahudin Kurt"
105;"Lize Marke"
106;"Birgit Brüel"
107;"Viktor Klimenko"
108;"Guy Mardel"
109;"Ulla Wiesner"
110;"Butch Moore"
111;"Bobby Solo"
112;"France Gall"
113;"Marjorie Noël"
114;"Conny Vandenbos"
115;"Kirsti Sparboe"
116;"Simone de Oliveira"
117;"Ingvar Wixell"
118;"Yovanna"
119;"Kathy Kirby"
120;"Tonia"
121;"Ulla Pia"
122;"Ann-Christine"
123;"Dominique Walter"
124;"Margot Eskens"
125;"Dickie Rock"
126;"Michèle Torr"
127;"Téréza"
128;"Milly Scott"
129;"Åse Kleveland"
130;"Madalena Iglésias"
131;"Raphael"
132;"Lill Lindfors and Svante Thuresson"
133;"Madeleine Pascal"
134;"Kenneth McKellar"
135;"Berta Ambrož"
136;"Peter Horton"
137;"Louis Neefs"
138;"Fredi"
139;"Noëlle Cordier"
140;"Inge Brück"
141;"Sean Dunphy"
142;"Vicky"
143;"Minouche Barelli"
144;"Thérèse Steinmetz"
145;"Eduardo Nascimento"
146;"Östen Warnerbring"
147;"Géraldine"
148;"Sandie Shaw"
149;"Lado Leskovar"
150;"Karel Gott"
151;"Claude Lombard"
152;"Kristina Hautala"
153;"Wencke Myhre"
154;"Pat McGeegan"
155;"Sergio Endrigo"
156;"Chris Baldo and Sophie Garel"
157;"Line and Willy"
158;"Ronnie Tober"
159;"Odd Børre"
160;"Carlos Mendes"
161;"Massiel"
162;"Claes-Göran Hederström"
163;"Gianni Mascolo"
164;"Cliff Richard"
165;"Lući Kapurso and Hamo Hajdarhodžić"
166;"Jarkko and Laura"
167;"Frida Boccara"
168;"Muriel Day"
169;"Iva Zanicchi"
170;"Jean Jacques"
171;"Lenny Kuhr"
172;"Salomé"
173;"Tommy Körberg"
174;"Paola"
175;"Lulu"
176;"Ivan"
177;"Jean Vallée"
178;"Guy Bonnet"
179;"Katja Ebstein"
180;"Dana"
181;"Gianni Morandi"
182;"David Alexandre Winter"
183;"Dominique Dussault"
184;"Patricia and Hearts of Soul"
185;"Julio Iglesias"
186;"Henri Dès"
187;"Mary Hopkin"
188;"Eva Sršen"
189;"Marianne Mendt"
190;"Jacques Raymond and Lily Castel"
191;"Markku Aro and Koivisto Sisters"
192;"Serge Lama"
193;"Angela Farrell"
194;"Massimo Ranieri"
195;"Monique Melsen"
196;"Joe Grech"
197;"Séverine"
198;"Saskia and Serge"
199;"Hanne Krogh"
200;"Tonicha"
201;"Karina"
202;"Family Four"
203;"Peter, Sue and Marc"
204;"Clodagh Rodgers"
205;"Krunoslav Slabinac"
206;"The Milestones"
207;"Serge and Christine Ghisoland"
208;"Päivi Paunu and Kim Floor"
209;"Betty Mars"
210;"Mary Roos"
211;"Sandie Jones"
212;"Nicola Di Bari"
213;"Vicky Leandros"
214;"Helen and Joseph"
215;"Anne-Marie Godart and Peter MacLane"
216;"Sandra and Andres"
217;"Grethe Kausland and Benny Borg"
218;"Jaime Morey"
219;"Véronique Müller"
220;"The New Seekers"
221;"Nicole and Hugo"
222;"Martine Clémenceau"
223;"Gitte"
224;"Maxi"
225;"Ilanit"
226;"Anne-Marie David"
227;"Marie"
228;"Ben Cramer"
229;"Bendik Singers"
230;"Fernando Tordo"
231;"Mocedades"
232;"The Nova"
233;"Patrick Juvet"
234;"Zdravko Čolić"
235;"Jacques Hustin"
236;"Carita"
237;"Cindy and Bert"
238;"Marinella"
239;"Tina Reynolds"
240;"Poogy"
241;"Ireen Sheer"
242;"Mouth and MacNeal"
243;"Anne-Karine and the Bendik Singers"
244;"Paulo de Carvalho"
245;"Peret"
246;"ABBA"
247;"Piera Martell"
248;"Olivia Newton-John"
249;"Korni Grupa"
250;"Ann Christy"
251;"Pihasoittajat"
252;"Nicole"
253;"Joy Fleming"
254;"The Swarbriggs"
255;"Shlomo Artzi"
256;"Wess and Dori Ghezzi"
257;"Renato"
258;"Sophie"
259;"Teach-In"
260;"Ellen Nikolaysen"
261;"Duarte Mendes"
262;"Sergio and Estíbaliz"
263;"Lars Berghagen"
264;"Simone Drexel"
265;"Semiha Yankı"
266;"The Shadows"
267;"Pepel in kri"
268;"Waterloo and Robinson"
269;"Pierre Rapsat"
270;"Fredi and the Friends"
271;"Catherine Ferry"
272;"Les Humphries Singers"
273;"Mariza Koch"
274;"Red Hurley"
275;"Chocolate, Menta, Mastik"
276;"Romina and Al Bano"
277;"Jürgen Marcus"
278;"Mary Christy"
279;"Sandra Reemer"
280;"Anne-Karine Strøm"
281;"Carlos do Carmo"
282;"Braulio"
283;"Brotherhood of Man"
284;"Ambasadori"
285;"Schmetterlinge"
286;"Dream Express"
287;"Monica Aspelund"
288;"Marie Myriam"
289;"Silver Convention"
290;"Pascalis, Marianna, Robert and Bessy"
291;"The Swarbriggs Plus Two"
292;"Mia Martini"
293;"Anne-Marie B"
294;"Heddy Lester"
295;"Anita Skorgan"
296;"Os Amigos"
297;"Micky"
298;"Forbes"
299;"Pepe Lienhard Band"
300;"Lynsey de Paul and Mike Moran"
301;"Springtime"
302;"Mabel"
303;"Seija Simola"
304;"Joël Prévost"
305;"Tania Tsanaklidou"
306;"Colm C. T. Wilkinson"
307;"Izhar Cohen and the Alphabeta"
308;"Ricchi e Poveri"
309;"Baccara"
310;"Caline and Olivier Toussaint"
311;"Harmony"
312;"Jahn Teigen"
313;"Gemini"
314;"José Vélez"
315;"Björn Skifs"
316;"Carole Vinci"
317;"Nilüfer and Nazar"
318;"Co-Co"
319;"Christina Simon"
320;"Micha Marah"
321;"Tommy Seebach"
322;"Katri Helena"
323;"Dschinghis Khan"
324;"Elpida"
325;"Cathal Dunne"
326;"Milk and Honey"
327;"Matia Bazar"
328;"Jeane Manson"
329;"Laurent Vaguener"
330;"Xandra"
331;"Manuela Bravo"
332;"Betty Missiego"
333;"Ted Gärdestad"
334;"Peter, Sue and Marc, Pfuri, Gorps and Kniri"
335;"Black Lace"
336;"Blue Danube"
337;"Telex"
338;"Bamses Venner"
339;"Vesa-Matti Loiri"
340;"Profil"
341;"Anna Vissi and the Epikouri"
342;"Johnny Logan"
343;"Alan Sorrenti"
344;"Sophie and Magaly"
345;"Samira Bensaïd"
346;"Maggie MacNeal"
347;"Sverre Kjelsberg and Mattis Hætta"
348;"José Cid"
349;"Trigo Limpio"
350;"Tomas Ledin"
351;"Ajda Pekkan"
352;"Prima Donna"
353;"Marty Brem"
354;"Emly Starr"
355;"Island"
356;"Tommy Seebach and Debbie Cameron"
357;"Riki Sorsa"
358;"Jean Gabilou"
359;"Lena Valaitis"
360;"Yiannis Dimitras"
361;"Sheeba"
362;"Habibi"
363;"Linda Williams"
364;"Finn Kalvik"
365;"Carlos Paião"
366;"Bacchelli"
367;"Modern Folk Trio and Ayşegül"
368;"Bucks Fizz"
369;"Seid Memić Vajta"
370;"Mess"
371;"Stella"
372;"Anna Vissi"
373;"Brixx"
374;"Kojo"
375;"The Duskeys"
376;"Avi Toledano"
377;"Svetlana"
378;"Bill van Dijk"
379;"Jahn Teigen and Anita Skorgan"
380;"Doce"
381;"Lucía"
382;"Chips"
383;"Arlette Zola"
384;"Neco"
385;"Bardo"
386;"Aska"
387;"Westend"
388;"Pas de Deux"
389;"Stavros and Constantina"
390;"Gry Johansen"
391;"Ami Aspelund"
392;"Hoffmann and Hoffmann"
393;"Christie"
394;"Ofra Haza"
395;"Riccardo Fogli"
396;"Corinne Hermès"
397;"Bernadette"
398;"Armando Gama"
399;"Remedios Amaya"
400;"Carola Häggkvist"
401;"Mariella Farré"
402;"Çetin Alp and the Short Wave"
403;"Sweet Dreams"
404;"Daniel"
405;"Anita"
406;"Jacques Zegers"
407;"Andy Paul"
408;"Hot Eyes"
409;"Kirka"
410;"Annick Thoumazeau"
411;"Linda Martin"
412;"Alice and Franco Battiato"
413;"Sophie Carle"
414;"Maribelle"
415;"Dollie de Luxe"
416;"Maria Guinot"
417;"Bravo"
418;"Herreys"
419;"Rainy Day"
420;"Beş Yıl Önce, On Yıl Sonra"
421;"Belle and the Devotions"
422;"Ida and Vlado"
423;"Gary Lux"
424;"Linda Lepomme"
425;"Lia Vissi"
426;"Sonja Lumme"
427;"Roger Bens"
428;"Wind"
429;"Takis Biniaris"
430;"Maria Christian"
431;"Izhar Cohen"
432;"Al Bano and Romina Power"
433;"Margo, Franck Olivier, Chris Roberts, Malcolm Roberts, Ireen Sheer and Diane Solomon"
434;"Bobbysocks!"
435;"Adelaide"
436;"Paloma San Basilio"
437;"Kikki Danielsson"
438;"Mariella Farré and Pino Gasparini"
439;"MFÖ"
440;"Vikki"
441;"Timna Brauer"
442;"Sandra Kim"
443;"Lise Haavik"
444;"Kari"
445;"Cocktail Chic"
446;"Ingrid Peters"
447;"ICY"
448;"Luv Bug"
449;"Moti Giladi and Sarai Tzuriel"
450;"Sherisse Laurence"
451;"Frizzle Sizzle"
452;"Ketil Stokkan"
453;"Dora"
454;"Cadillac"
455;"Lasse Holm and Monica Törnell"
456;"Daniela Simons"
457;"Klips ve Onlar"
458;"Ryder"
459;"Doris Dragović"
460;"Liliane Saint-Pierre"
461;"Alexia"
462;"Bandjo with Anne-Cathrine Herdorf"
463;"Vicky Rosti"
464;"Christine Minier"
465;"Bang"
466;"Halla Margrét"
467;"Datner and Kushnir"
468;"Umberto Tozzi and Raf"
469;"Plastic Bertrand"
470;"Marcha"
471;"Kate Gulbrandsen"
472;"Nevada"
473;"Patricia Kraus"
474;"Lotta Engberg"
475;"Carol Rich"
476;"Seyyal Taner and Grup Lokomotif"
477;"Rikki"
478;"Novi fosili"
479;"Wilfried"
480;"Reynaert"
481;"Boulevard"
482;"Gérard Lenorman"
483;"Maxi and Chris Garden"
484;"Afroditi Fryda"
485;"Beathoven"
486;"Jump the Gun"
487;"Yardena Arazi"
488;"Luca Barbarossa"
489;"Lara Fabian"
490;"Gerard Joling"
491;"Karoline Krüger"
492;"La Década"
493;"Céline Dion"
494;"Scott Fitzgerald"
495;"Srebrna krila"
496;"Thomas Forstner"
497;"Ingeborg"
498;"Fanny Polymeri and Yiannis Savvidakis"
499;"Birthe Kjær"
500;"Anneli Saaristo"
501;"Nathalie Pâque"
502;"Nino de Angelo"
503;"Marianna"
504;"Kiev Connolly and the Missing Passengers"
505;"Gili and Galit"
506;"Anna Oxa and Fausto Leali"
507;"Park Café"
508;"Justine Pelmelay"
509;"Britt Synnøve Johansen"
510;"Da Vinci"
511;"Nina"
512;"Tommy Nilsson"
513;"Furbaz"
514;"Pan"
515;"Live Report"
516;"Riva"
517;"Simone"
518;"Philippe Lafontaine"
519;"Anastasiou"
520;"Lonnie Devantier"
521;"Beat"
522;"Joëlle Ursull"
523;"Chris Kempers and Daniel Kovac"
524;"Christos Callow"
525;"Stjórnin"
526;"Liam Reilly"
527;"Rita"
528;"Toto Cutugno"
529;"Céline Carzo"
530;"Maywood"
531;"Nucha"
532;"Azúcar Moreno"
533;"Edin-Ådahl"
534;"Egon Egemann"
535;"Kayahan"
536;"Emma"
537;"Tajči"
538;"Clouseau"
539;"Elena Patroklou"
540;"Anders Frandsen"
541;"Kaija"
542;"Amina"
543;"Atlantis 2000"
544;"Sophia Vossou"
545;"Stefán and Eyfi"
546;"Kim Jackson"
547;"Duo Datz"
548;"Peppino di Capri"
549;"Sarah Bray"
550;"Paul Giordimaina and Georgina"
551;"Just 4 Fun"
552;"Dulce"
553;"Sergio Dalma"
554;"Carola"
555;"Sandra Simó"
556;"Can Uğurluer, İzel Çeliköz, Reyhan Karaca"
557;"Samantha Janus"
558;"Baby Doll"
559;"Tony Wegas"
560;"Morgane"
561;"Evridiki"
562;"Lotte Nilsson and Kenny Lübcke"
563;"Pave"
564;"Kali"
565;"Cleopatra"
566;"Heart 2 Heart"
567;"Dafna"
568;"Marion Welter and Kontinent"
569;"Mary Spiteri"
570;"Humphrey Campbell"
571;"Merethe Trøan"
572;"Dina"
573;"Serafín"
574;"Christer Björkman"
575;"Daisy Auvray"
576;"Aylin Vatankoş"
577;"Michael Ball"
578;"Extra Nena"
579;"Barbara"
580;"Fazla"
581;"Put"
582;"Zymboulakis and Van Beke"
583;"Seebach Band"
584;"Patrick Fiori"
585;"Münchener Freiheit"
586;"Katerina Garbi"
587;"Inga"
588;"Niamh Kavanagh"
589;"Lehakat Shiru"
590;"Enrico Ruggeri"
591;"Modern Times"
592;"William Mangion"
593;"Ruth Jacott"
594;"Silje Vige"
595;"Anabela"
596;"1X Band"
597;"Eva Santamaría"
598;"Arvingarna"
599;"Annie Cotton"
600;"Burak Aydos, Öztürk Baybora and Serter"
601;"Sonia"
602;"Petra Frey"
603;"Alma and Dejan"
604;"Tony Cetinski"
605;"Silvi Vrait"
606;"CatCat"
607;"Nina Morato"
608;"Mekado"
609;"Kostas Bigalis and the Sea Lovers"
610;"Friderika"
611;"Sigga"
612;"Paul Harrington and Charlie McGettigan"
613;"Ovidijus Vyšniauskas"
614;"Moira Stafrace and Christopher Scicluna"
615;"Willeke Alberti"
616;"Elisabeth Andreasson and Jan Werner Danielsen"
617;"Edyta Górniak"
618;"Sara"
619;"Dan Bittman"
620;"Youddiph"
621;"Martin Ďurinda and Tublatanka"
622;"Alejandro Abad"
623;"Marie Bergman and Roger Pontare"
624;"Duilio"
625;"Frances Ruffelle"
626;"Stella Jones"
627;"Frédéric Etherlinck"
628;"Davor Popović"
629;"Magazin and Lidija"
630;"Alexandros Panayi"
631;"Aud Wilken"
632;"Nathalie Santamaria"
633;"Stone and Stone"
634;"Elina Konstantopoulou"
635;"Csaba Szigeti"
636;"Bo Halldórsson"
637;"Eddie Friel"
638;"Liora"
639;"Mike Spiteri"
640;"Secret Garden"
641;"Justyna"
642;"Tó Cruz"
643;"Philipp Kirkorov"
644;"Darja Švajger"
645;"Anabel Conde"
646;"Jan Johansen"
647;"Arzu Ece"
648;"Love City Groove"
649;"George Nussbaumer"
650;"Lisa del Bo"
651;"Amila Glamočak"
652;"Maja Blagdan"
653;"Constantinos"
654;"Maarja-Liis Ilus and Ivo Linna"
655;"Jasmine"
656;"Dan Ar Braz and l'Héritage des Celtes"
657;"Marianna Efstratiou"
658;"Anna Mjöll"
659;"Eimear Quinn"
660;"Miriam Christine"
661;"Maxine and Franklin Brown"
662;"Elisabeth Andreassen"
663;"Kasia Kowalska"
664;"Lúcia Moniz"
665;"Marcel Palonder"
666;"Regina"
667;"Antonio Carbonell"
668;"One More Time"
669;"Kathy Leander"
670;"Şebnem Paker"
671;"Gina G"
672;"Bettina Soriat"
673;"Alma Čardžić"
674;"E.N.I."
675;"Hara and Andreas Konstantinou"
676;"Kølig Kaj"
677;"Maarja"
678;"Fanny"
679;"Bianca Shomburg"
680;"Marianna Zorba"
681;"V.I.P."
682;"Paul Oscar"
683;"Marc Roberts"
684;"Jalisse"
685;"Debbie Scerri"
686;"Mrs. Einstein"
687;"Tor Endresen"
688;"Anna Maria Jopek"
689;"Célia Lawson"
690;"Alla Pugacheva"
691;"Tanja Ribič"
692;"Marcos Llunas"
693;"Blond"
694;"Barbara Berta"
695;"Şebnem Paker and Grup Ethnic"
696;"Katrina and the Waves"
697;"Mélanie Cohl"
698;"Danijela"
699;"Michael Hajiyanni"
700;"Koit Toome"
701;"Edea"
702;"Marie Line"
703;"Guildo Horn"
704;"Thalassa"
705;"Charlie"
706;"Dawn Martin"
707;"Dana International"
708;"Vlado Janevski"
709;"Chiara"
710;"Edsilia"
711;"Lars A. Fredriksen"
712;"Sixteen"
713;"Alma Lusa"
714;"Mălina Olinescu"
715;"Katarína Hasprová"
716;"Vili Resnik"
717;"Mikel Herzog"
718;"Jill Johnson"
719;"Gunvor"
720;"Tüzmen"
721;"Imaani"
722;"Bobbie Singer"
723;"Vanessa Chinitor"
724;"Dino and Béatrice"
725;"Doris"
726;"Marlain"
727;"Trine Jepsen and Michael Teschl"
728;"Evelin Samuel and Camille"
729;"Nayah"
730;"Sürpriz"
731;"Selma"
732;"The Mullans"
733;"Eden"
734;"Aistė"
735;"Times Three"
736;"Marlayne"
737;"Van Eijk"
738;"Mietek Szcześniak"
739;"Rui Bandeira"
740;"Lydia"
741;"Charlotte Nilsson"
742;"Tuba Önal and Grup Mistik"
743;"Precious"
744;"The Rounder Girls"
745;"Nathalie Sorce"
746;"Goran Karan"
747;"Voice"
748;"Olsen Brothers"
749;"Ines"
750;"Nina Åström"
751;"Sofia Mestari"
752;"Stefan Raab"
753;"August and Telma"
754;"Eamonn Toal"
755;"PingPong"
756;"Brainstorm"
757;"XXL"
758;"Claudette Pace"
759;"Linda"
760;"Charmed"
761;"Taxi"
762;"Alsou"
763;"Serafín Zubiri"
764;"Roger Pontare"
765;"Jane Bogaert"
766;"Pınar and the SOS"
767;"Nicki French"
768;"Nino"
769;"Vanna"
770;"Rollo and King"
771;"Tanel Padar, Dave Benton and 2XL"
772;"Natasha St-Pier"
773;"Michelle"
774;"Antique"
775;"Two Tricky"
776;"Gary O'Shaughnessy"
777;"Tal Sondak"
778;"Arnis Mednis"
779;"Skamp"
780;"Fabrizio Faniello"
781;"Haldor Lægreid"
782;"Piasek"
783;"MTM"
784;"Mumiy Troll"
785;"Nuša Derenda"
786;"David Civera"
787;"Friends"
788;"Sedat Yüce"
789;"Lindsay Dracass"
790;"Manuel Ortega"
791;"Sergio and the Ladies"
792;"Maja"
793;"Vesna Pisarović"
794;"One"
795;"Malene"
796;"Sahlene"
797;"Laura"
798;"Sandrine François"
799;"Corinna May"
800;"Michalis Rakintzis"
801;"Sarit Hadad"
802;"Marie N"
803;"Aivaras"
804;"Karolina"
805;"Ira Losco"
806;"Monica Anghel and Marcel Pavel"
807;"Prime Minister"
808;"Sestre"
809;"Rosa"
810;"Afro-dite"
811;"Francine Jordi"
812;"Buket Bengisu and Group Safir"
813;"Jessica Garlick"
814;"Alf Poier"
815;"Urban Trad"
816;"Mija Martina"
817;"Claudia Beni"
818;"Stelios Constantas"
819;"Ruffus"
820;"Louisa Baïleche"
821;"Lou"
822;"Mando"
823;"Birgitta"
824;"Mickey Harte"
825;"Lior Narkis"
826;"F.L.Y."
827;"Lynn Chircop"
828;"Esther Hart"
829;"Jostein Hasselgård"
830;"Ich Troje"
831;"Rita Guerra"
832;"Nicola"
833;"t.A.T.u."
834;"Karmen"
835;"Beth"
836;"Fame"
837;"Sertab Erener"
838;"Olexandr"
839;"Jemini"
840;"Anjeza Shahini"
841;"Marta Roure"
842;"Tie Break"
843;"Aleksandra and Konstantin"
844;"Xandee"
845;"Deen"
846;"Ivan Mikulić"
847;"Lisa Andreas"
848;"Tomas Thordarson"
849;"Neiokõsõ"
850;"Jari Sillanpää"
851;"Jonatan Cerrada"
852;"Max"
853;"Sakis Rouvas"
854;"Jónsi"
855;"Chris Doran"
856;"David D'Or"
857;"Fomins and Kleins"
858;"Linas and Simona"
859;"Toše Proeski"
860;"Julie and Ludwig"
861;"Maryon"
862;"Re-union"
863;"Knut Anders Sørum"
864;"Blue Café"
865;"Sofia Vitória"
866;"Sanda"
867;"Julia Savicheva"
868;"Željko Joksimović and Ad-Hoc Orchestra"
869;"Platin"
870;"Ramón"
871;"Lena Philipsson"
872;"Piero and the MusicStars"
873;"Athena"
874;"Ruslana"
875;"James Fox"
876;"Ledina Çelo"
877;"Marian van de Wal"
878;"Global.Kryner"
879;"Angelica Agurbash"
880;"Nuno Resende"
881;"Feminnem"
882;"Kaffe"
883;"Boris Novković feat. Lado Members"
884;"Constantinos Christoforou"
885;"Jakob Sveistrup"
886;"Suntribe"
887;"Geir Rönning"
888;"Ortal"
889;"Gracia"
890;"Helena Paparizou"
891;"Nox"
892;"Donna and Joe"
893;"Shiri Maimon"
894;"Walters and Kazha"
895;"Laura and the Lovers"
896;"Martin Vučić"
897;"Lise Darly"
898;"Zdob și Zdub"
899;"Glennis Grace"
900;"Wig Wam"
901;"Ivan and Delfin"
902;"2B"
903;"Luminița Anghel and Sistem"
904;"Natalia Podolskaya"
905;"No Name"
906;"Omar Naber"
907;"Son de Sol"
908;"Martin Stenmarck"
909;"Vanilla Ninja"
910;"Gülseren"
911;"GreenJolly"
912;"Javine"
913;"Luiz Ejlli"
914;"Jenny"
915;"André"
916;"Polina Smolova"
917;"Kate Ryan"
918;"Hari Mata Hari"
919;"Mariana Popova"
920;"Severina"
921;"Annet Artani"
922;"Sidsel Ben Semmane"
923;"Sandra"
924;"Lordi"
925;"Virginie Pouchain"
926;"Texas Lightning"
927;"Silvía Night"
928;"Brian Kennedy"
929;"Eddie Butler"
930;"Vocal Group Cosmos"
931;"LT United"
932;"Elena Risteska"
933;"Séverine Ferrer"
934;"Arsenium feat. Natalia Gordienko and Connect-R"
935;"Treble"
936;"Christine Guldbrandsen"
937;"Nonstop"
938;"Mihai Trăistariu"
939;"Dima Bilan"
940;"Anžej Dežan"
941;"Las Ketchup"
942;"six4one"
943;"Sibel Tüzün"
944;"Tina Karol"
945;"Daz Sampson"
946;"Frederik Ndoci"
947;"Anonymous"
948;"Hayko"
949;"Eric Papilaya"
950;"Koldun"
951;"The KMG's"
952;"Marija Šestić"
953;"Elitsa Todorova and Stoyan Yankoulov"
954;"Dragonfly feat. Dado Topić"
955;"Kabát"
956;"DQ"
957;"Gerli Padar"
958;"Hanna Pakarinen"
959;"Les Fatals Picards"
960;"Sopho"
961;"Roger Cicero"
962;"Sarbel"
963;"Magdi Rúzsa"
964;"Eiríkur Hauksson"
965;"Dervish"
966;"Teapacks"
967;"Bonaparti.lv"
968;"4Fun"
969;"Olivia Lewis"
970;"Natalia Barbu"
971;"Stevan Faddy"
972;"Edsilia Rombley"
973;"Guri Schanke"
974;"The Jet Set"
975;"Sabrina"
976;"Todomondo"
977;"Serebro"
978;"Marija Šerifović"
979;"Alenka Gotar"
980;"D'Nash"
981;"The Ark"
982;"DJ BoBo"
983;"Kenan Doğulu"
984;"Verka Serduchka"
985;"Scooch"
986;"Olta Boka"
987;"Gisela"
988;"Sirusho"
989;"Elnur and Samir"
990;"Ruslan Alehno"
991;"Ishtar"
992;"Laka"
993;"Deep Zone and Balthazar"
994;"Kraljevi ulice and 75 Cents"
995;"Evdokia Kadi"
996;"Tereza Kerndlová"
997;"Simon Mathew"
998;"Kreisiraadio"
999;"Teräsbetoni"
1000;"Sébastien Tellier"
1001;"Diana Gurtskaya"
1002;"No Angels"
1003;"Kalomira"
1004;"Csézy"
1005;"Euroband"
1006;"Dustin the Turkey"
1007;"Boaz"
1008;"Pirates of the Sea"
1009;"Jeronimas Milius"
1010;"Tamara, Vrčak and Adrijan"
1011;"Morena"
1012;"Geta Burlacu"
1013;"Stefan Filipović"
1014;"Hind"
1015;"Maria"
1016;"Isis Gee"
1017;"Vânia Fernandes"
1018;"Nico and Vlad"
1019;"Miodio"
1020;"Jelena Tomašević feat. Bora Dugić"
1021;"Rebeka Dremelj"
1022;"Rodolfo Chikilicuatre"
1023;"Charlotte Perrelli"
1024;"Paolo Meneguzzi"
1025;"Mor ve Ötesi"
1026;"Ani Lorak"
1027;"Andy Abraham"
1028;"Kejsi Tola"
1029;"Susanne Georgi"
1030;"Inga and Anush"
1031;"Aysel and Arash"
1032;"Petr Elfimov"
1033;"Copycat"
1034;"Krassimir Avramov"
1035;"Igor Cukrov feat. Andrea"
1036;"Christina Metaxa"
1037;"Gipsy.cz"
1038;"Brinck"
1039;"Urban Symphony"
1040;"Waldo's People"
1041;"Patricia Kaas"
1042;"Alex Swings Oscar Sings!"
1043;"Zoli Ádok"
1044;"Yohanna"
1045;"Sinéad Mulvey and Black Daisy"
1046;"Noa and Mira Awad"
1047;"Intars Busulis"
1048;"Sasha Son"
1049;"Next Time"
1050;"Nelly Ciobanu"
1051;"Andrea Demirović"
1052;"The Toppers"
1053;"Alexander Rybak"
1054;"Lidia Kopania"
1055;"Flor-de-Lis"
1056;"Elena"
1057;"Anastasia Prikhodko"
1058;"Marko Kon and Milaan"
1059;"Kamil Mikulčík and Nela Pocisková"
1060;"Quartissimo feat. Martina"
1061;"Soraya Arnelas"
1062;"Malena Ernman"
1063;"Lovebugs"
1064;"Hadise"
1065;"Svetlana Loboda"
1066;"Jade Ewen"
1067;"Juliana Pasha"
1068;"Eva Rivas"
1069;"Safura"
1070;"3+2 feat. Robert Wells"
1071;"Tom Dice"
1072;"Vukašin Brajić"
1073;"Miro"
1074;"Jon Lilygreen and the Islanders"
1075;"Chanée and N'evergreen"
1076;"Malcolm Lincoln"
1077;"Kuunkuiskaajat"
1078;"Jessy Matador"
1079;"Sofia Nizharadze"
1080;"Lena"
1081;"Giorgos Alkaios and Friends"
1082;"Hera Björk"
1083;"Harel Skaat"
1084;"Aisha"
1085;"InCulto"
1086;"Gjoko Taneski"
1087;"Thea Garrett"
1088;"SunStroke Project and Olia Tira"
1089;"Sieneke"
1090;"Didrik Solli-Tangen"
1091;"Marcin Mroziński"
1092;"Filipa Azevedo"
1093;"Paula Seling and Ovi"
1094;"Peter Nalitch and Friends"
1095;"Milan Stanković"
1096;"Kristína"
1097;"Ansambel Žlindra and Kalamari"
1098;"Daniel Diges"
1099;"Anna Bergendahl"
1100;"Michael von der Heide"
1101;"Manga"
1102;"Alyosha"
1103;"Josh Dubovie"
1104;"Aurela Gaçe"
1105;"Emmy"
1106;"Nadine Beiler"
1107;"Ell and Nikki"
1108;"Anastasia Vinnikova"
1109;"Witloof Bay"
1110;"Dino Merlin"
1111;"Poli Genova"
1112;"Daria"
1113;"Christos Mylordos"
1114;"A Friend in London"
1115;"Getter Jaani"
1116;"Paradise Oskar"
1117;"Amaury Vassili"
1118;"Eldrine"
1119;"Loukas Yorkas feat. Stereo Mike"
1120;"Kati Wolf"
1121;"Sjonni's Friends"
1122;"Jedward"
1123;"Raphael Gualazzi"
1124;"Musiqq"
1125;"Evelina Sašenko"
1126;"Vlatko Ilievski"
1127;"Glen Vella"
1128;"3JS"
1129;"Stella Mwangi"
1130;"Magdalena Tul"
1131;"Homens da Luta"
1132;"Hotel FM"
1133;"Alexey Vorobyov"
1134;"Senit"
1135;"Twiins"
1136;"Maja Keuc"
1137;"Lucía Pérez"
1138;"Eric Saade"
1139;"Anna Rossinelli"
1140;"Yüksek Sadakat"
1141;"Mika Newton"
1142;"Blue"
1143;"Rona Nishliu"
1144;"Trackshittaz"
1145;"Sabina Babayeva"
1146;"Litesound"
1147;"Iris"
1148;"Maya Sar"
1149;"Sofi Marinova"
1150;"Nina Badrić"
1151;"Ivi Adamou"
1152;"Soluna Samay"
1153;"Ott Lepland"
1154;"Pernilla"
1155;"Anggun"
1156;"Anri Jokhadze"
1157;"Roman Lob"
1158;"Eleftheria Eleftheriou"
1159;"Compact Disco"
1160;"Greta Salóme and Jónsi"
1161;"Izabo"
1162;"Nina Zilli"
1163;"Anmary"
1164;"Donny Montell"
1165;"Kaliopi"
1166;"Kurt Calleja"
1167;"Pasha Parfeny"
1168;"Rambo Amadeus"
1169;"Joan Franka"
1170;"Tooji"
1171;"Filipa Sousa"
1172;"Mandinga"
1173;"Buranovskiye Babushki"
1174;"Valentina Monetta"
1175;"Željko Joksimović"
1176;"Max Jason Mai"
1177;"Eva Boto"
1178;"Pastora Soler"
1179;"Loreen"
1180;"Sinplus"
1181;"Can Bonomo"
1182;"Gaitana"
1183;"Engelbert Humperdinck"
1184;"Adrian Lulgjuraj and Bledar Sejko"
1185;"Dorians"
1186;"Natália Kelly"
1187;"Farid Mammadov"
1188;"Alyona Lanskaya"
1189;"Roberto Bellarosa"
1190;"Klapa s Mora"
1191;"Despina Olympiou"
1192;"Emmelie de Forest"
1193;"Birgit"
1194;"Krista Siegfrids"
1195;"Amandine Bourgeois"
1196;"Nodi Tatishvili and Sophie Gelovani"
1197;"Cascada"
1198;"Koza Mostra feat. Agathon Iakovidis"
1199;"ByeAlex"
1200;"Eythor Ingi"
1201;"Ryan Dolan"
1202;"Moran Mazor"
1203;"Marco Mengoni"
1204;"PeR"
1205;"Andrius Pojavis"
1206;"Esma and Lozano"
1207;"Gianluca"
1208;"Aliona Moon"
1209;"Who See"
1210;"Anouk"
1211;"Margaret Berger"
1212;"Cezar"
1213;"Dina Garipova"
1214;"Moje 3"
1215;"Hannah"
1216;"ESDM"
1217;"Robin Stjernberg"
1218;"Takasa"
1219;"Zlata Ognevich"
1220;"Bonnie Tyler"
1221;"Hersi"
1222;"Aram Mp3"
1223;"Conchita Wurst"
1224;"Dilara Kazimova"
1225;"Teo"
1226;"Axel Hirsoux"
1227;"Basim"
1228;"Tanja"
1229;"Softengine"
1230;"Twin Twin"
1231;"The Shin and Mariko"
1232;"Elaiza"
1233;"Freaky Fortune feat. RiskyKidd"
1234;"András Kállay-Saunders"
1235;"Pollapönk"
1236;"Can-linn feat. Kasey Smith"
1237;"Mei Finegold"
1238;"Aarzemnieki"
1239;"Vilija"
1240;"Tijana"
1241;"Firelight"
1242;"Cristina Scarlat"
1243;"Sergej Ćetković"
1244;"The Common Linnets"
1245;"Carl Espen"
1246;"Donatan and Cleo"
1247;"Suzy"
1248;"Tolmachevy Sisters"
1249;"Tinkara Kovač"
1250;"Ruth Lorenzo"
1251;"Sanna Nielsen"
1252;"Sebalter"
1253;"Mariya Yaremchuk"
1254;"Molly"
1255;"Elhaida Dani"
1256;"Genealogy"
1257;"Guy Sebastian"
1258;"The Makemakes"
1259;"Elnur Hüseynov"
1260;"Uzari and Maimuna"
1261;"Loïc Nottet"
1262;"John Karayiannis"
1263;"Marta Jandová and Václav Noid Bárta"
1264;"Anti Social Media"
1265;"Elina Born and Stig Rästa"
1266;"Pertti Kurikan Nimipäivät"
1267;"Lisa Angell"
1268;"Nina Sublatti"
1269;"Ann Sophie"
1270;"Maria Elena Kyriakou"
1271;"Boggie"
1272;"Maria Olafs"
1273;"Molly Sterling"
1274;"Nadav Guedj"
1275;"Il Volo"
1276;"Aminata"
1277;"Monika Linkytė and Vaidas Baumila"
1278;"Daniel Kajmakoski"
1279;"Amber"
1280;"Eduard Romanyuta"
1281;"Knez"
1282;"Trijntje Oosterhuis"
1283;"Mørland and Debrah Scarlett"
1284;"Monika Kuszyńska"
1285;"Leonor Andrade"
1286;"Voltaj"
1287;"Polina Gagarina"
1288;"Anita Simoncini and Michele Perniola"
1289;"Bojana Stamenov"
1290;"Maraaya"
1291;"Edurne"
1292;"Måns Zelmerlöw"
1293;"Mélanie René"
1294;"Electro Velvet"
1295;"Eneda Tarifa"
1296;"Iveta Mukuchyan"
1297;"Dami Im"
1298;"Zoë"
1299;"Samra"
1300;"Laura Tesoro"
1301;"Dalal and Deen feat. Ana Rucner and Jala"
1302;"Nina Kraljić"
1303;"Minus One"
1304;"Gabriela Gunčíková"
1305;"Lighthouse X"
1306;"Jüri Pootsmann"
1307;"Sandhja"
1308;"Amir"
1309;"Nika Kocharov and Young Georgian Lolitaz"
1310;"Jamie-Lee"
1311;"Argo"
1312;"Freddie"
1313;"Greta Salóme"
1314;"Nicky Byrne"
1315;"Hovi Star"
1316;"Francesca Michielin"
1317;"Justs"
1318;"Lidia Isac"
1319;"Highway"
1320;"Douwe Bob"
1321;"Agnete"
1322;"Michał Szpak"
1323;"Sergey Lazarev"
1324;"Serhat"
1325;"Sanja Vučić Zaa"
1326;"ManuElla"
1327;"Barei"
1328;"Frans"
1329;"Rykka"
1330;"Jamala"
1331;"Joe and Jake"
1332;"Lindita"
1333;"Artsvik"
1334;"Isaiah"
1335;"Nathan Trent"
1336;"Dihaj"
1337;"Naviband"
1338;"Blanche"
1339;"Kristian Kostov"
1340;"Jacques Houdek"
1341;"Hovig"
1342;"Martina Bárta"
1343;"Anja"
1344;"Koit Toome and Laura"
1345;"Norma John"
1346;"Alma"
1347;"Tamara Gachechiladze"
1348;"Levina"
1349;"Demy"
1350;"Joci Pápai"
1351;"Svala"
1352;"Brendan Murray"
1353;"Imri"
1354;"Francesco Gabbani"
1355;"Triana Park"
1356;"Fusedmarc"
1357;"Jana Burčeska"
1358;"Claudia Faniello"
1359;"SunStroke Project"
1360;"Slavko Kalezić"
1361;"OG3NE"
1362;"Jowst"
1363;"Kasia Moś"
1364;"Salvador Sobral"
1365;"Ilinca feat. Alex Florea"
1366;"Valentina Monetta and Jimmie Wilson"
1367;"Tijana Bogićević"
1368;"Manel Navarro"
1369;"Robin Bengtsson"
1370;"Timebelle"
1371;"O.Torvald"
1372;"Lucie Jones"
1373;"Eugent Bushpepa"
1374;"Sevak Khanagyan"
1375;"Jessica Mauboy"
1376;"Cesár Sampson"
1377;"Aisel"
1378;"Alekseev"
1379;"Sennek"
1380;"Equinox"
1381;"Franka"
1382;"Eleni Foureira"
1383;"Mikolas Josef"
1384;"Rasmussen"
1385;"Elina Nechayeva"
1386;"Saara Aalto"
1387;"Madame Monsieur"
1388;"Ethno-Jazz Band Iriao"
1389;"Michael Schulte"
1390;"Yianna Terzi"
1391;"AWS"
1392;"Ari Ólafsson"
1393;"Ryan O'Shaughnessy"
1394;"Netta"
1395;"Ermal Meta and Fabrizio Moro"
1396;"Laura Rizzotto"
1397;"Ieva Zasimauskaitė"
1398;"Eye Cue"
1399;"Christabelle"
1400;"DoReDoS"
1401;"Vanja Radovanović"
1402;"Waylon"
1403;"Gromee feat. Lukas Meijer"
1404;"Cláudia Pascoal"
1405;"The Humans"
1406;"Julia Samoylova"
1407;"Jessika feat. Jenifer Brening"
1408;"Sanja Ilić and Balkanika"
1409;"Lea Sirk"
1410;"Amaia and Alfred"
1411;"Benjamin Ingrosso"
1412;"Zibbz"
1413;"Mélovin"
1414;"SuRie"
1415;"Jonida Maliqi"
1416;"Srbuk"
1417;"Kate Miller-Heidke"
1418;"Pænda"
1419;"Chingiz"
1420;"Zena"
1421;"Eliot"
1422;"Roko"
1423;"Tamta"
1424;"Lake Malawi"
1425;"Leonora"
1426;"Victor Crone"
1427;"Darude feat. Sebastian Rejman"
1428;"Bilal Hassani"
1429;"Oto Nemsadze"
1430;"S!sters"
1431;"Katerine Duska"
1432;"Hatari"
1433;"Sarah McTernan"
1434;"Kobi Marimi"
1435;"Mahmood"
1436;"Carousel"
1437;"Jurij Veklenko"
1438;"Michela"
1439;"Anna Odobescu"
1440;"D mol"
1441;"Duncan Laurence"
1442;"Tamara Todevska"
1443;"Keiino"
1444;"Tulia"
1445;"Conan Osíris"
1446;"Ester Peony"
1447;"Nevena Božović"
1448;"Zala Kralj and Gašper Šantl"
1449;"Miki"
1450;"John Lundvik"
1451;"Luca Hänni"
1452;"Michael Rice"
1453;"Arilena Ara"
1454;"Athena Manoukian"
1455;"Montaigne"
1456;"Vincent Bueno"
1457;"Efendi"
1458;"VAL"
1459;"Hooverphonic"
1460;"Victoria"
1461;"Damir Kedžo"
1462;"Sandro"
1463;"Benny Cristo"
1464;"Ben and Tan"
1465;"Uku Suviste"
1466;"Aksel"
1467;"Tom Leeb"
1468;"Tornike Kipiani"
1469;"Ben Dolic"
1470;"Stefania"
1471;"Daði og Gagnamagnið"
1472;"Lesley Roy"
1473;"Eden Alene"
1474;"Diodato"
1475;"Samanta Tīna"
1476;"The Roop"
1477;"Destiny"
1478;"Natalia Gordienko"
1479;"Jeangu Macrooy"
1480;"Vasil"
1481;"Ulrikke"
1482;"Alicja"
1483;"Elisa"
1484;"Roxen"
1485;"Little Big"
1486;"Senhit"
1487;"Hurricane"
1488;"Ana Soklič"
1489;"Blas Cantó"
1490;"The Mamas"
1491;"Gjon's Tears"
1492;"Go_A"
1493;"James Newman"
1494;"Anxhela Peristeri"
1495;"Albina"
1496;"Elena Tsagrinou"
1497;"Fyr og Flamme"
1498;"Blind Channel"
1499;"Barbara Pravi"
1500;"Jendrik"
1501;"Måneskin"
1502;"Tix"
1503;"Rafał"
1504;"The Black Mamba"
1505;"Manizha"
1506;"Senhit feat. Flo Rida"
1507;"Tusse"
1508;"Ronela Hajati"
1509;"Rosa Linn"
1510;"Sheldon Riley"
1511;"Lumix feat. Pia Maria"
1512;"Nadir Rustamli"
1513;"Jérémie Makiese"
1514;"Intelligent Music Project"
1515;"Mia Dimšić"
1516;"Andromache"
1517;"We Are Domi"
1518;"Reddi"
1519;"Stefan"
1520;"The Rasmus"
1521;"Alvan and Ahez"
1522;"Circus Mircus"
1523;"Malik Harris"
1524;"Amanda Georgiadi Tenfjord"
1525;"Systur"
1526;"Brooke"
1527;"Michael Ben David"
1528;"Mahmood and Blanco"
1529;"Citi Zēni"
1530;"Monika Liu"
1531;"Emma Muscat"
1532;"Zdob și Zdub and Advahov Brothers"
1533;"Vladana"
1534;"S10"
1535;"Andrea"
1536;"Subwoolfer"
1537;"Ochman"
1538;"Maro"
1539;"Wrs"
1540;"Achille Lauro"
1541;"Konstrakta"
1542;"LPS"
1543;"Chanel"
1544;"Cornelia Jakobs"
1545;"Marius Bear"
1546;"Kalush Orchestra"
1547;"Sam Ryder"
1548;"Albina and Familja Kelmendi"
1549;"Brunette"
1550;"Voyager"
1551;"Teya and Salena"
1552;"TuralTuranX"
1553;"Gustaph"
1554;"Let 3"
1555;"Andrew Lambrou"
1556;"Vesna"
1557;"Reiley"
1558;"Alika"
1559;"Käärijä"
1560;"La Zarra"
1561;"Iru"
1562;"Lord of the Lost"
1563;"Victor Vernicos"
1564;"Diljá"
1565;"Wild Youth"
1566;"Noa Kirel"
1567;"Sudden Lights"
1568;"Monika Linkytė"
1569;"The Busker"
1570;"Pasha Parfeni"
1571;"Mia Nicolai and Dion Cooper"
1572;"Alessandra"
1573;"Blanka"
1574;"Mimicat"
1575;"Theodor Andrei"
1576;"Piqued Jacks"
1577;"Luke Black"
1578;"Joker Out"
1579;"Blanca Paloma"
1580;"Remo Forrer"
1581;"Tvorchi"
1582;"Mae Muller"
1583;"Besa"
1584;"Ladaniva"
1585;"Electric Fields"
1586;"Kaleen"
1587;"Fahree feat. Ilkin Dovlatov"
1588;"Mustii"
1589;"Baby Lasagna"
1590;"Silia Kapsis"
1591;"Aiko"
1592;"Saba"
1593;"5miinust and Puuluup"
1594;"Windows95man"
1595;"Slimane"
1596;"Nutsa Buzaladze"
1597;"Isaak"
1598;"Marina Satti"
1599;"Bambie Thug"
1600;"Eden Golan"
1601;"Angelina Mango"
1602;"Dons"
1603;"Silvester Belt"
1604;"Tali"
1605;"Sarah Bonnici"
1606;"Joost Klein"
1607;"Gåte"
1608;"Luna"
1609;"Iolanda"
1610;"Megara"
1611;"Teya Dora"
1612;"Raiven"
1613;"Nebulossa"
1614;"Marcus & Martinus"
1615;"Nemo"
1616;"Alyona Alyona and Jerry Heil"
1617;"Olly Alexander"
1618;"Shkodra Elektronike"
1619;"Theo Evan"
1620;"ADONXS"
1621;"Nina Žižić"
1622;"Claude"
1623;"JJ"
1624;"Louane"
1625;"Klavdia"
1626;"Yuval Raphael"
1627;"Laura Thorn"
1628;"Klemen"
1629;"Melody"
1630;"Red Sebastian"
1631;"Mamagama"
1632;"Erika Vikman"
1633;"EMMY"
1634;"Tautumeitas"
1635;"Miriana Conte"
1636;"Ziferblat"
1637;"PARG"
1638;"Tommy Cash"
1639;"Katarsis"
1640;"Kyle Alessandro"
1641;"Justyna Steczkowska"
1643;"VÆB"
1644;"Lucio Corsi"
1645;"Go-Jo"
1646;"Princ"
1647;"Sissal"
1648;"Abor & Tynna"
1649;"Marko Bošnjak"
1650;"Zoë Më"
1651;"Remember Monday"
1652;"KAJ"
1653;"Gabry Ponte"
1654;"NAPA"
1655;"Mariam Shengelia"
